{
    "Split 1": {
        "Epoch 1": {
            "train_loss": 49.90078996612341,
            "val_loss": 52.08905145617362,
            "val_acc": 47.91001767682882
        },
        "Epoch 2": {
            "train_loss": 49.902806448986446,
            "val_loss": 52.08905145617362,
            "val_acc": 47.91001767682882
        },
        "Epoch 3": {
            "train_loss": 49.896406577568136,
            "val_loss": 52.08905145617362,
            "val_acc": 47.91001767682882
        },
        "Epoch 4": {
            "train_loss": 49.890059944968556,
            "val_loss": 52.08905145617362,
            "val_acc": 47.91001767682882
        }
    },
    "Split 2": {
        "Epoch 1": {
            "train_loss": 50.10504468891036,
            "val_loss": 51.53021066897407,
            "val_acc": 48.469755381759086
        },
        "Epoch 2": {
            "train_loss": 50.35445301152237,
            "val_loss": 51.53021066897407,
            "val_acc": 48.469755381759086
        },
        "Epoch 3": {
            "train_loss": 50.38515321299988,
            "val_loss": 51.53021066897407,
            "val_acc": 48.469755381759086
        },
        "Epoch 4": {
            "train_loss": 50.385041392877156,
            "val_loss": 51.53021066897407,
            "val_acc": 48.469755381759086
        }
    },
    "Split 3": {
        "Epoch 1": {
            "train_loss": 6.6381833265434524,
            "val_loss": 0.6930362050480191,
            "val_acc": 50.84652178870864
        },
        "Epoch 2": {
            "train_loss": 0.6930446111750173,
            "val_loss": 0.6930027220701476,
            "val_acc": 50.84652178870864
        },
        "Epoch 3": {
            "train_loss": 0.6930383687428723,
            "val_loss": 0.6930025064038791,
            "val_acc": 50.84652178870864
        },
        "Epoch 4": {
            "train_loss": 0.6930417709160432,
            "val_loss": 0.6930092471078061,
            "val_acc": 50.84652178870864
        }
    },
    "Split 4": {
        "Epoch 1": {
            "train_loss": 49.61630576680402,
            "val_loss": 45.29269656499482,
            "val_acc": 54.70686031556824
        },
        "Epoch 2": {
            "train_loss": 49.62287709052674,
            "val_loss": 45.29269656499482,
            "val_acc": 54.70686031556824
        },
        "Epoch 3": {
            "train_loss": 49.622011094425815,
            "val_loss": 45.29269656499482,
            "val_acc": 54.70686031556824
        },
        "Epoch 4": {
            "train_loss": 49.62308477841316,
            "val_loss": 45.29269656499482,
            "val_acc": 54.70686031556824
        }
    },
    "Split 5": {
        "Epoch 1": {
            "train_loss": 2.863589788169417,
            "val_loss": 0.6926538660288898,
            "val_acc": 51.206115199345334
        },
        "Epoch 2": {
            "train_loss": 0.6900516235602099,
            "val_loss": 0.6927140815207903,
            "val_acc": 51.41069911904924
        },
        "Epoch 3": {
            "train_loss": 0.6888433544002861,
            "val_loss": 0.6949148597768354,
            "val_acc": 50.46217367314929
        },
        "Epoch 4": {
            "train_loss": 0.6875371738072925,
            "val_loss": 0.6962651557413561,
            "val_acc": 50.661178031406735
        },
        "Epoch 5": {
            "train_loss": 0.6861025854735308,
            "val_loss": 0.6943610807535715,
            "val_acc": 50.9928519618358
        }
    },
    "Split 6": {
        "Epoch 1": {
            "train_loss": 1.6410571502024434,
            "val_loss": 0.693360796430577,
            "val_acc": 51.1187108350028
        },
        "Epoch 2": {
            "train_loss": 0.6866314603417993,
            "val_loss": 0.694433611942665,
            "val_acc": 51.00538950833384
        },
        "Epoch 3": {
            "train_loss": 0.6839952651627985,
            "val_loss": 0.694847638642011,
            "val_acc": 51.969969848432726
        },
        "Epoch 4": {
            "train_loss": 0.6818451874759568,
            "val_loss": 0.6985002127144426,
            "val_acc": 50.907582410911225
        },
        "Epoch 5": {
            "train_loss": 0.6796830456475338,
            "val_loss": 0.6984458780257826,
            "val_acc": 49.38381528623753
        },
        "Epoch 6": {
            "train_loss": 0.6772997359925532,
            "val_loss": 0.698230378654531,
            "val_acc": 51.19560744952817
        }
    },
    "Split 7": {
        "Epoch 1": {
            "train_loss": 49.81645268524095,
            "val_loss": 48.44020626913223,
            "val_acc": 51.56679169497032
        },
        "Epoch 2": {
            "train_loss": 49.830100562441224,
            "val_loss": 48.44020626913223,
            "val_acc": 51.56679169497032
        },
        "Epoch 3": {
            "train_loss": 49.82996779091552,
            "val_loss": 48.44020626913223,
            "val_acc": 51.56679169497032
        },
        "Epoch 4": {
            "train_loss": 49.83017228564574,
            "val_loss": 48.44020626913223,
            "val_acc": 51.56679169497032
        }
    },
    "Split 8": {
        "Epoch 1": {
            "train_loss": 11.907293402663534,
            "val_loss": 0.700404444558346,
            "val_acc": 49.95521345721747
        },
        "Epoch 2": {
            "train_loss": 0.685161828743828,
            "val_loss": 0.702624836959209,
            "val_acc": 49.81250379546973
        },
        "Epoch 3": {
            "train_loss": 0.6841973509313433,
            "val_loss": 0.70483263955063,
            "val_acc": 49.48153883524625
        },
        "Epoch 4": {
            "train_loss": 0.6833524830695559,
            "val_loss": 0.7035516653609774,
            "val_acc": 49.60982571203012
        }
    },
    "Split 9": {
        "Epoch 1": {
            "train_loss": 46.820189150641944,
            "val_loss": 53.65072838345865,
            "val_acc": 46.37072188879666
        },
        "Epoch 2": {
            "train_loss": 46.824794433420024,
            "val_loss": 53.65072838345865,
            "val_acc": 46.37072188879666
        },
        "Epoch 3": {
            "train_loss": 46.82236604346722,
            "val_loss": 53.65072838345865,
            "val_acc": 46.37072188879666
        },
        "Epoch 4": {
            "train_loss": 46.82236604346722,
            "val_loss": 53.65072838345865,
            "val_acc": 46.37072188879666
        }
    },
    "Split 10": {
        "Epoch 1": {
            "train_loss": 0.7698492244506164,
            "val_loss": 0.6947729001886704,
            "val_acc": 49.0437429686983
        },
        "Epoch 2": {
            "train_loss": 0.6879452732670803,
            "val_loss": 0.6968765892982483,
            "val_acc": 49.363598261751925
        },
        "Epoch 3": {
            "train_loss": 0.6833959567087122,
            "val_loss": 0.6980391525380751,
            "val_acc": 49.273156420267796
        },
        "Epoch 4": {
            "train_loss": 0.6778349942631192,
            "val_loss": 0.7028531538458431,
            "val_acc": 49.47462848991537
        },
        "Epoch 5": {
            "train_loss": 0.6737614647265198,
            "val_loss": 0.6988243921504301,
            "val_acc": 49.17242038544401
        },
        "Epoch 6": {
            "train_loss": 0.6706118877605884,
            "val_loss": 0.7100905987515169,
            "val_acc": 48.62682813844219
        },
        "Epoch 7": {
            "train_loss": 0.6682947077406141,
            "val_loss": 0.7001030823483186,
            "val_acc": 49.51212876565269
        },
        "Epoch 8": {
            "train_loss": 0.6659264931609586,
            "val_loss": 0.7032778598000021,
            "val_acc": 48.554768785064596
        },
        "Epoch 9": {
            "train_loss": 0.6645200123605768,
            "val_loss": 0.7010907105277566,