{
    "Split 1": {
        "Epoch 1": {
            "train_loss": 0.7233542623681717,
            "val_loss": 0.688305766729515,
            "val_acc": 54.466910429329005
        },
        "Epoch 2": {
            "train_loss": 0.6781570289666673,
            "val_loss": 0.6936788920799127,
            "val_acc": 54.26011574690656
        },
        "Epoch 3": {
            "train_loss": 0.6758392866333826,
            "val_loss": 0.6840863735970603,
            "val_acc": 55.017555754655305
        },
        "Epoch 4": {
            "train_loss": 0.6743545884059535,
            "val_loss": 0.7036583325720291,
            "val_acc": 51.70690364917549
        },
        "Epoch 5": {
            "train_loss": 0.6736930102125529,
            "val_loss": 0.6818488413126874,
            "val_acc": 55.98711770830811
        },
        "Epoch 6": {
            "train_loss": 0.6728180745846946,
            "val_loss": 0.6842626441843856,
            "val_acc": 55.24662808436448
        },
        "Epoch 7": {
            "train_loss": 0.6721296515198624,
            "val_loss": 0.6836098230657173,
            "val_acc": 55.1797951425043
        },
        "Epoch 8": {
            "train_loss": 0.6716834866447644,
            "val_loss": 0.6922857859646679,
            "val_acc": 54.093033392256096
        }
    },
    "Split 2": {
        "Epoch 1": {
            "train_loss": 0.7326059996125295,
            "val_loss": 0.6863887670544895,
            "val_acc": 54.8011129051769
        },
        "Epoch 2": {
            "train_loss": 0.6845546331270993,
            "val_loss": 0.6874947279481044,
            "val_acc": 54.38035480426859
        },
        "Epoch 3": {
            "train_loss": 0.6819579606107224,
            "val_loss": 0.6824657892346262,
            "val_acc": 55.70100929349455
        },
        "Epoch 4": {
            "train_loss": 0.6803679541429932,
            "val_loss": 0.6830631672272736,
            "val_acc": 55.61790956856516
        },
        "Epoch 5": {
            "train_loss": 0.6794667174780838,
            "val_loss": 0.6832822836717344,
            "val_acc": 55.403322937101926
        },
        "Epoch 6": {
            "train_loss": 0.6787029145027604,
            "val_loss": 0.6814157119586949,
            "val_acc": 56.02709682169849
        },
        "Epoch 7": {
            "train_loss": 0.6780018071464555,
            "val_loss": 0.6825968439793274,
            "val_acc": 55.616331725686756
        },
        "Epoch 8": {
            "train_loss": 0.6773762870359842,
            "val_loss": 0.6817080216831488,
            "val_acc": 55.83880757154203
        },
        "Epoch 9": {
            "train_loss": 0.6766068561410175,
            "val_loss": 0.6827487660674124,
            "val_acc": 55.673660016935514
        }
    },
    "Split 3": {
        "Epoch 1": {
            "train_loss": 0.726391149757173,
            "val_loss": 0.6888668087587195,
            "val_acc": 54.00574950637067
        },
        "Epoch 2": {
            "train_loss": 0.6866853558641719,
            "val_loss": 0.6847607243445611,
            "val_acc": 55.24807499564886
        },
        "Epoch 3": {
            "train_loss": 0.6839802444798709,
            "val_loss": 0.6851896726728035,
            "val_acc": 54.924590242643575
        },
        "Epoch 4": {
            "train_loss": 0.6826625152351228,
            "val_loss": 0.6849427558538917,
            "val_acc": 54.90118411023688
        },
        "Epoch 5": {
            "train_loss": 0.6816065020070089,
            "val_loss": 0.6864669579331593,
            "val_acc": 54.463669481404125
        }
    },
    "Split 4": {
        "Epoch 1": {
            "train_loss": 0.7312243172465436,
            "val_loss": 0.6972450325164581,
            "val_acc": 50.74563192070015
        },
        "Epoch 2": {
            "train_loss": 0.6858124157037765,
            "val_loss": 0.6915378867742384,
            "val_acc": 53.039932243796855
        },
        "Epoch 3": {
            "train_loss": 0.6825573318013287,
            "val_loss": 0.6928041922141633,
            "val_acc": 52.57567677781612
        },
        "Epoch 4": {
            "train_loss": 0.6812416733529714,
            "val_loss": 0.6892784067733563,
            "val_acc": 53.43517676213181
        },
        "Epoch 5": {
            "train_loss": 0.679951820928354,
            "val_loss": 0.6899877871580747,
            "val_acc": 54.35239499356943
        },
        "Epoch 6": {
            "train_loss": 0.6788858344277158,
            "val_loss": 0.6955646170472964,
            "val_acc": 51.86235452805922
        },
        "Epoch 7": {
            "train_loss": 0.67776357116101,
            "val_loss": 0.6891343671602688,
            "val_acc": 54.24197747733618
        },
        "Epoch 8": {
            "train_loss": 0.6764138610764934,
            "val_loss": 0.6960253954555844,
            "val_acc": 52.499764735405755
        }
    },
    "Split 5": {
        "Epoch 1": {
            "train_loss": 0.7409314696801927,
            "val_loss": 0.6932537693771187,
            "val_acc": 52.05048883157784
        },
        "Epoch 2": {
            "train_loss": 0.6871597858673943,
            "val_loss": 0.6878614768722804,
            "val_acc": 54.28045355635047
        },
        "Epoch 3": {
            "train_loss": 0.684469384453228,
            "val_loss": 0.6922770071625474,
            "val_acc": 52.63200312455441
        },
        "Epoch 4": {
            "train_loss": 0.6816587799342221,
            "val_loss": 0.7005628380497407,
            "val_acc": 51.37598184782676
        },
        "Epoch 5": {
            "train_loss": 0.6798635626306434,
            "val_loss": 0.6932020397566463,
            "val_acc": 53.00087413129328
        }
    },
    "Split 6": {
        "Epoch 1": {
            "train_loss": 0.7371052542720657,
            "val_loss": 0.699405992499291,
            "val_acc": 52.12915933113436
        },
        "Epoch 2": {
            "train_loss": 0.6847006240878922,
            "val_loss": 0.7031621782235354,
            "val_acc": 49.56526431524914
        },
        "Epoch 3": {
            "train_loss": 0.6824289366828493,
            "val_loss": 0.7070495151835472,
            "val_acc": 50.62225549911974
        },
        "Epoch 4": {
            "train_loss": 0.6800406548321485,
            "val_loss": 0.6978491304709986,
            "val_acc": 51.810105834024725
        }
    },
    "Split 7": {
        "Epoch 1": {
            "train_loss": 0.7499747690257227,
            "val_loss": 0.6965090422400563,
            "val_acc": 51.9743642753773
        },
        "Epoch 2": {
            "train_loss": 0.6842678659649882,
            "val_loss": 0.7034553255908715,
            "val_acc": 51.50846156118019
        },
        "Epoch 3": {
            "train_loss": 0.6804728455884396,
            "val_loss": 0.701736108362534,
            "val_acc": 51.337901296553355
        },
        "Epoch 4": {
            "train_loss": 0.6776602510947523,
            "val_loss": 0.7108234741465911,
            "val_acc": 50.30641779142916
        }
    },
    "Split 8": {
        "Epoch 1": {
            "train_loss": 0.731720636161121,
            "val_loss": 0.7235238197765749,
            "val_acc": 48.69132203801542
        },
        "Epoch 2": {
            "train_loss": 0.672142728684848,
            "val_loss": 0.7223998180809039,
            "val_acc": 48.38464808404688
        },
        "Epoch 3": {
            "train_loss": 0.6654169243734106,
            "val_loss": 0.7207776202977195,
            "val_acc": 48.867431833363696
        },
        "Epoch 4": {
            "train_loss": 0.6597409627559289,
            "val_loss": 0.7301620567464435,
            "val_acc": 48.47725754539382
        },
        "Epoch 5": {
            "train_loss": 0.654781035364061,
            "val_loss": 0.7253111960703797,